<?xml version="1.0" encoding="utf-8" ?>
<toolbox>
    <item name="DataSource" maincat="Components" subcat="DB Link" img="11" ui="false" />
    <item name="MSSQLConnection" maincat="Components" subcat="DB Connection" img="19" ui="false" />
    <item name="SybaseConnection" maincat="Components" subcat="DB Connection" img="50" ui="false" />
    <item name="PQConnection" maincat="Components" subcat="DB Connection" img="34" ui="false" />
    <item name="OracleConnection" maincat="Components" subcat="DB Connection" img="33" ui="false" />
    <item name="ODBCConnection" maincat="Components" subcat="DB Connection" img="28" ui="false" />
    <item name="MySQL40Connection" maincat="Components" subcat="DB Connection" img="22" ui="false" />
    <item name="MySQL41Connection" maincat="Components" subcat="DB Connection" img="23" ui="false" />
    <item name="MySQL50Connection" maincat="Components" subcat="DB Connection" img="24" ui="false" />
    <item name="MySQL51Connection" maincat="Components" subcat="DB Connection" img="25" ui="false" />
    <item name="MySQL55Connection" maincat="Components" subcat="DB Connection" img="26" ui="false" />
    <item name="MySQL56Connection" maincat="Components" subcat="DB Connection" img="27" ui="false" />
    <item name="SQLite3Connection" maincat="Components" subcat="DB Connection" img="47" ui="false" />
    <item name="IBConnection" maincat="Components" subcat="DB Connection" img="17" ui="false" />
    <item name="SQLTransaction" maincat="Components" subcat="DB" img="46" ui="false" />
    <item name="SQLQuery" maincat="Components" subcat="DB" img="44" ui="false" />
    <item name="SQLScript" maincat="Components" subcat="DB" img="45" ui="false" />
    <item name="XMLDataSet" maincat="Components" subcat="DB" img="53" ui="false" />
    <item name="IBAdmin" maincat="Components" subcat="DB Tools" img="16" ui="false" />
    <item name="Process" maincat="Components" subcat="System" img="5" ui="false" />
    <item name="ProcessUTF8" maincat="Components" subcat="System" img="6" ui="false" />
    <item name="AsyncProcess" maincat="Components" subcat="System" img="7" ui="false" />
    <item name="Script" maincat="Components" subcat="System" img="48" ui="false" />
    <item name="Vars" maincat="Components" subcat="Handling" img="52" ui="false" />
    <item name="SimpleAction" maincat="Components" subcat="Handling" img="3" ui="true" />
    <item name="ActionList" maincat="Components" subcat="Handling" img="4" ui="true" />
    <item name="ImageList" maincat="Components" subcat="Images" img="18" ui="true" />
    <item name="MainMenu" maincat="Components" subcat="Menus" img="20" ui="true" />
    <item name="PopupMenu" maincat="Components" subcat="Menus" img="21" ui="true" />
    <item name="Label" maincat="Controls" subcat="Labels" img="120" ui="true" />
    <item name="Edit" maincat="Controls" subcat="Edits" img="107" ui="true" />
    <item name="Memo" maincat="Controls" subcat="Edits" img="125" ui="true" />
    <item name="ToggleBox" maincat="Controls" subcat="Buttons" img="172" ui="true" />
    <item name="CheckBox" maincat="Controls" subcat="Buttons" img="68" ui="true" />
    <item name="RadioButton" maincat="Controls" subcat="Buttons" img="151" ui="true" />
    <item name="ListBox" maincat="Controls" subcat="Lists" img="122" ui="true" />
    <item name="ComboBox" maincat="Controls" subcat="Combos" img="77" ui="true" />
    <item name="ScrollBar" maincat="Controls" subcat="Bars" img="158" ui="true" />
    <item name="GroupBox" maincat="Controls" subcat="Containers" img="116" ui="true" />
    <item name="Panel" maincat="Controls" subcat="Containers" img="129" ui="true" />
    <item name="RadioGroup" maincat="Controls" subcat="Groups" img="152" ui="true" />
    <item name="CheckGroup" maincat="Controls" subcat="Groups" img="69" ui="true" />
    <item name="BitBtn" maincat="Controls" subcat="Buttons" img="62" ui="true" />
    <item name="SpeedButton" maincat="Controls" subcat="Buttons" img="165" ui="true" />
    <item name="StaticText" maincat="Controls" subcat="Labels" img="169" ui="true" />
    <item name="Image" maincat="Controls" subcat="Images" img="119" ui="true" />
    <item name="Shape" maincat="Controls" subcat="Shapes" img="160" ui="true" />
    <item name="Bevel" maincat="Controls" subcat="Shapes" img="61" ui="true" />
    <item name="PaintBox" maincat="Controls" subcat="Images" img="128" ui="true" />
    <item name="TrayIcon" maincat="Controls" subcat="Images" img="176" ui="true" />
    <item name="Splitter" maincat="Controls" subcat="Bars" img="166" ui="true" />
    <item name="MaskEdit" maincat="Controls" subcat="Edits" img="124" ui="true" />
    <item name="CheckListBox" maincat="Controls" subcat="Lists" img="70" ui="true" />
    <item name="ScrollBox" maincat="Controls" subcat="Containers" img="159" ui="true" />
    <item name="DrawGrid" maincat="Controls" subcat="Grids" img="100" ui="true" />
    <item name="StringGrid" maincat="Controls" subcat="Grids" img="101" ui="true" />
    <item name="ColorBox" maincat="Controls" subcat="Combos" img="74" ui="true" />
    <item name="ColorListBox" maincat="Controls" subcat="Lists" img="76" ui="true" />
    <item name="ValueListEditor" maincat="Controls" subcat="Grids" img="181" ui="true" />
    <item name="TrackBar" maincat="Controls" subcat="Bars" img="174" ui="true" />
    <item name="ProgressBar" maincat="Controls" subcat="Bars" img="133" ui="true" />
    <item name="TreeView" maincat="Controls" subcat="Views" img="177" ui="true" />
    <item name="ListView" maincat="Controls" subcat="Views" img="123" ui="true" />
    <item name="StatusBar" maincat="Controls" subcat="Bars" img="170" ui="true" />
    <item name="ToolBar" maincat="Controls" subcat="Bars" img="173" ui="true" />
    <item name="UpDown" maincat="Controls" subcat="Buttons" img="179" ui="true" />
    <item name="PageControl" maincat="Controls" subcat="Containers" img="127" ui="true" />
    <item name="HeaderControl" maincat="Controls" subcat="Bars" img="117" ui="true" />
    <item name="PopupNotifier" maincat="Controls" subcat="System" img="132" ui="true" />
    <item name="DateTimePicker" maincat="Controls" subcat="Combos" img="97" ui="true" />
    <item name="OpenDialog" maincat="Components" subcat="Dialogs" img="29" ui="true" />
    <item name="SaveDialog" maincat="Components" subcat="Dialogs" img="30" ui="true" />
    <item name="PreviewFileDialog" maincat="Components" subcat="Dialogs" img="36" ui="true" />
    <item name="OpenPictureDialog" maincat="Components" subcat="Dialogs" img="31" ui="true" />
    <item name="SavePictureDialog" maincat="Components" subcat="Dialogs" img="32" ui="true" />
    <item name="SelectDirectoryDialog" maincat="Components" subcat="Dialogs" img="49" ui="true" />
    <item name="ColorDialog" maincat="Components" subcat="Dialogs" img="10" ui="true" />
    <item name="FontDialog" maincat="Components" subcat="Dialogs" img="15" ui="true" />
    <item name="FindDialog" maincat="Components" subcat="Dialogs" img="14" ui="true" />
    <item name="ReplaceDialog" maincat="Components" subcat="Dialogs" img="43" ui="true" />
    <item name="CalendarDialog" maincat="Components" subcat="Dialogs" img="9" ui="true" />
    <item name="CalculatorDialog" maincat="Components" subcat="Dialogs" img="8" ui="true" />
    <item name="PrinterSetupDialog" maincat="Components" subcat="Dialogs" img="38" ui="true" />
    <item name="PrintDialog" maincat="Components" subcat="Dialogs" img="37" ui="true" />
    <item name="PageSetupDialog" maincat="Components" subcat="Dialogs" img="35" ui="true" />
    <item name="DBNavigator" maincat="Controls" subcat="DB Controls" img="90" ui="true" />
    <item name="DBText" maincat="Controls" subcat="DB Controls" img="92" ui="true" />
    <item name="DBGrid" maincat="Controls" subcat="DB Controls" img="185" ui="true" />
    <item name="DBEdit" maincat="Controls" subcat="DB Controls" img="83" ui="true" />
    <item name="DBMemo" maincat="Controls" subcat="DB Controls" img="89" ui="true" />
    <item name="DBImage" maincat="Controls" subcat="DB Controls" img="85" ui="true" />
    <item name="DBListBox" maincat="Controls" subcat="DB Controls" img="86" ui="true" />
    <item name="DBComboBox" maincat="Controls" subcat="DB Controls" img="80" ui="true" />
    <item name="DBLookupListBox" maincat="Controls" subcat="DB Controls" img="88" ui="true" />
    <item name="DBLookupComboBox" maincat="Controls" subcat="DB Controls" img="87" ui="true" />
    <item name="DBCheckBox" maincat="Controls" subcat="DB Controls" img="79" ui="true" />
    <item name="DBRadioGroup" maincat="Controls" subcat="DB Controls" img="91" ui="true" />
    <item name="DBCalendar" maincat="Controls" subcat="DB Controls" img="78" ui="true" />
    <item name="DBGroupBox" maincat="Controls" subcat="DB Controls" img="84" ui="true" />
    <item name="DBDateEdit" maincat="Controls" subcat="DB Controls" img="81" ui="true" />
    <item name="DBDateTimePicker" maincat="Controls" subcat="DB Controls" img="82" ui="true" />
    <item name="Calendar" maincat="Controls" subcat="Groups" img="67" ui="true" />
    <item name="DateEdit" maincat="Controls" subcat="Edits" img="96" ui="true" />
    <item name="Timer" maincat="Components" subcat="System" img="51" ui="true" />
    <item name="Button" maincat="Controls" subcat="Buttons" img="64" ui="true" />
    <item name="ColorButton" maincat="Controls" subcat="Buttons" img="75" ui="true" />
    <item name="FloatSpinEdit" maincat="Controls" subcat="Edits" img="113" ui="true" />
    <item name="SpinEdit" maincat="Controls" subcat="Edits" img="114" ui="true" />
    <item name="Arrow" maincat="Controls" subcat="Images" img="55" ui="true" />
    <item name="EditButton" maincat="Controls" subcat="Edits" img="108" ui="true" />
    <item name="FileNameEdit" maincat="Controls" subcat="Edits" img="111" ui="true" />
    <item name="DirectoryEdit" maincat="Controls" subcat="Edits" img="99" ui="true" />
    <item name="CalcEdit" maincat="Controls" subcat="Edits" img="66" ui="true" />
    <item name="FileListBox" maincat="Controls" subcat="Lists" img="110" ui="true" />
    <item name="FilterComboBox" maincat="Controls" subcat="Combos" img="112" ui="true" />
    <item name="ButtonPanel" maincat="Controls" subcat="Buttons" img="65" ui="true" />
    <item name="ShellTreeView" maincat="Controls" subcat="Views" img="163" ui="true" />
    <item name="ShellListView" maincat="Controls" subcat="Views" img="162" ui="true" />
    <item name="RLPreview" maincat="Controls" subcat="Report" img="146" ui="true" />
    <item name="RLBand" maincat="Report" subcat="Report" img="135" ui="true" />
    <item name="RLLabel" maincat="Report" subcat="Report" img="144" ui="true" />
    <item name="RLAngleLabel" maincat="Report" subcat="Report" img="134" ui="true" />
    <item name="RLDBText" maincat="Report" subcat="Report" img="142" ui="true" />
    <item name="RLMemo" maincat="Report" subcat="Report" img="145" ui="true" />
    <item name="RLDBMemo" maincat="Report" subcat="Report" img="139" ui="true" />
    <item name="RLImage" maincat="Report" subcat="Report" img="143" ui="true" />
    <item name="RLDBImage" maincat="Report" subcat="Report" img="138" ui="true" />
    <item name="RLSystemInfo" maincat="Report" subcat="Report" img="150" ui="true" />
    <item name="RLDBResult" maincat="Report" subcat="Report" img="140" ui="true" />
    <item name="RLBarcode" maincat="Report" subcat="Report" img="136" ui="true" />
    <item name="RLDBBarcode" maincat="Report" subcat="Report" img="137" ui="true" />
    <item name="RLSubDetail" maincat="Report" subcat="Report" img="149" ui="true" />
    <item name="RLDraftFilter" maincat="Report" subcat="Report" img="39" ui="true" />
    <item name="RLRichFilter" maincat="Report" subcat="Report" img="41" ui="true" />
    <item name="RLPDFFilter" maincat="Report" subcat="Report" img="40" ui="true" />
    <item name="Video" maincat="Controls" subcat="Extra" img="182" ui="true" />
    <item name="Designer" maincat="Controls" subcat="Extra" img="98" ui="true" />
    <item name="Chrome" maincat="Controls" subcat="Extra" img="71" ui="true" />
    <item name="RichMemo" maincat="Controls" subcat="Extra" img="155" ui="true" />
    <item name="Workbook" maincat="Controls" subcat="Extra" img="102" ui="true" />
    <item name="ATTabs" maincat="Controls" subcat="Bars" img="54" ui="true" />
    <item name="ECProgressBar" maincat="Controls" subcat="Bars" img="103" ui="true" />
    <item name="ECSlider" maincat="Controls" subcat="Bars" img="105" ui="true" />
    <item name="ECRuler" maincat="Controls" subcat="Bars" img="104" ui="true" />
    <item name="ECSwitch" maincat="Controls" subcat="Buttons" img="106" ui="true" />
    <item name="UrlLink" maincat="Controls" subcat="Labels" img="180" ui="true" />
    <item name="GradientBackground" maincat="Controls" subcat="Images" img="115" ui="true" />
    <item name="ShapeProgress" maincat="Controls" subcat="Shapes" img="161" ui="true" />
    <item name="CircleProgress" maincat="Controls" subcat="Shapes" img="72" ui="true" />
    <item name="SimpleChart" maincat="Controls" subcat="Shapes" img="164" ui="true" />
    <item name="LedIndicator" maincat="Controls" subcat="Shapes" img="121" ui="true" />
    <item name="SquareShape" maincat="Controls" subcat="Shapes" img="167" ui="true" />
    <item name="RoundSquareShape" maincat="Controls" subcat="Shapes" img="157" ui="true" />
    <item name="RectShape" maincat="Controls" subcat="Shapes" img="153" ui="true" />
    <item name="RoundRectShape" maincat="Controls" subcat="Shapes" img="156" ui="true" />
    <item name="EllipseShape" maincat="Controls" subcat="Shapes" img="109" ui="true" />
    <item name="CircleShape" maincat="Controls" subcat="Shapes" img="73" ui="true" />
    <item name="TriangleShape" maincat="Controls" subcat="Shapes" img="178" ui="true" />
    <item name="RectangleShape" maincat="Controls" subcat="Shapes" img="154" ui="true" />
    <item name="ParallelShape" maincat="Controls" subcat="Shapes" img="130" ui="true" />
    <item name="TrapezShape" maincat="Controls" subcat="Shapes" img="175" ui="true" />
    <item name="PentagonShape" maincat="Controls" subcat="Shapes" img="131" ui="true" />
    <item name="HexagonShape" maincat="Controls" subcat="Shapes" img="118" ui="true" />
    <item name="OctagonShape" maincat="Controls" subcat="Shapes" img="126" ui="true" />
    <item name="StarShape" maincat="Controls" subcat="Shapes" img="168" ui="true" />
    <item name="BubbleShape" maincat="Controls" subcat="Shapes" img="63" ui="true" />
    <item name="BGRAButton" maincat="Controls" subcat="Buttons" img="56" ui="true" />
    <item name="BGRAPanel" maincat="Controls" subcat="Containers" img="60" ui="true" />
    <item name="BGRALabel" maincat="Controls" subcat="Labels" img="57" ui="true" />
    <item name="BGRALabelFX" maincat="Controls" subcat="Labels" img="58" ui="true" />
    <item name="DTAnalogClock" maincat="Controls" subcat="Shapes" img="93" ui="true" />
    <item name="DTThemedClock" maincat="Controls" subcat="Shapes" img="94" ui="true" />
    <item name="DTThemedGauge" maincat="Controls" subcat="Shapes" img="95" ui="true" />
    <item name="BGRALED" maincat="Controls" subcat="Shapes" img="59" ui="true" />
    <item name="BarCode" maincat="Controls" subcat="Shapes" img="183" ui="true" />
    <item name="DBBarCode" maincat="Controls" subcat="Shapes" img="184" ui="true" />
</toolbox>
